id;loai;ma;ten
1;3142;withdrawal knowledge base Buckinghamshire;Concrete Investment Account Saint Lucia
2;20306;Brand;neutral Salad
3;92969;virtual deposit;Squares mint green e-business
4;88328;projection Fresh;support Gorgeous
5;22793;synergies copying;ability Hat Iraq
6;48482;Bahamian Dollar;24/7
7;94290;conglomeration;Oklahoma facilitate
8;6489;Versatile Exclusive Moroccan Dirham;capability zero tolerance Computers
9;60956;Berkshire Small Plastic Pants Investor;Canadian Dollar
10;53093;Way Dominican Republic;Bulgarian Lev navigate
