id;ma;ten;mota;gioitinh;ma_byt;manhom_bh
1;solid state;turquoise orchid;grow;83656;Arkansas reciprocal;Mountain Malaysia supply-chains
2;Borders hack;Pants;Tasty navigate didactic;89743;Indonesia auxiliary;Pizza bus withdrawal
3;Cyprus;Distributed;Avon Checking Account impactful;56944;THX;Re-contextualized Licensed
4;Producer;SAS parsing;Branding Concrete;40639;superstructure;Kids
5;microchip;Music Salad North Carolina;circuit Forward;62476;end-to-end navigating;Alaska solution-oriented
6;best-of-breed generate;applications context-sensitive;Consultant back-end Fresh;56577;Agent Squares;supply-chains
7;Bedfordshire;Peru withdrawal Down-sized;invoice;42170;Granite Corporate Lari;Sports Global Soft
8;Bedfordshire Awesome Cotton Tuna;calculating yellow;Wooden;26368;system-worthy pixel Phased;withdrawal Towels
9;navigating seize generate;Fantastic Wooden Chips microchip;Generic;77098;Fantastic Fresh Ball;ubiquitous monitor
10;Home Loan Account;Keys invoice Research;Bedfordshire 4th generation Equatorial Guinea;16201;backing up indexing;Savings Account extensible connect
