id;ma;ten;mota;chuong
1;SCSI;Technician Architect calculate;Auto Loan Account;Movies Sports
2;target;compress UAE Dirham Dam;Wells;partnerships Terrace Hat
3;calculating conglomeration bypassing;Kroon deposit systemic;Liaison Grocery capacitor;applications invoice unleash
4;methodologies;e-services;program override red;payment efficient RSS
5;Vietnam Mouse;SDD;Cheese Summit Saint Martin;Auto Loan Account
6;4th generation;Principal Savings Account online;Music Savings Account;Ethiopian Birr architectures
7;Networked;Handcrafted Rubber Gloves;South Carolina;website Curve
8;Circles;disintermediate Walks Credit Card Account;payment;XSS solid state Handmade Granite Fish
9;Concrete;Planner;Health;Savings Account Rupiah
10;back up Tactics;Borders;PCI;Sports
