id;ma;ten;loai;ma_bh
1;robust;interface Buckinghamshire;68840;vortals Centralized
2;Licensed Clothing Engineer;Colorado;36097;Licensed
3;Marketing mobile Cayman Islands Dollar;Computer Uzbekistan;87294;alarm 1080p payment
4;invoice Engineer Central;magenta Associate;94405;Small Metal Soap Principal Towels
5;Unions algorithm;Leone;29734;Direct
6;experiences online program;indexing;31910;quantifying Baby
7;one-to-one Connecticut;Unbranded Tugrik;33987;interface Awesome Plastic Bacon
8;Senegal withdrawal;Home Loan Account ADP Personal Loan Account;23295;Health JBOD
9;Outdoors;Holy See (Vatican City State);93906;primary Supervisor proactive
10;Fantastic Sleek Granite Tuna Utah;Coordinator;76827;e-services
