id;ma;ten;cha;mota;gioitinh;canduoi;cantren;donvido;ma_byt;manhom_bh
1;HTTP explicit;Personal Loan Account;50313;EXE payment;16293;Tasty Metal Sausages Outdoors;invoice multi-byte;incubate deposit Station;parsing Investment Account;Branding Dynamic black
2;yellow;Books Generic;68300;Handcrafted Plastic Shirt quantifying;2327;open-source hybrid;Solomon Islands Dollar;Personal Loan Account HTTP;schemas Specialist China;quantify multi-byte
3;interface Cotton Robust;user-centric Infrastructure;85841;bandwidth;75087;compress Fantastic Global;Buckinghamshire monetize;Direct;Small Frozen Salad bypassing;time-frame Quality
4;Borders Borders Practical;methodical;32866;Danish Krone parse;79157;back-end Unbranded Cambridgeshire;Designer;mindshare;Guam bandwidth Liaison;program Auto Loan Account Refined
5;infomediaries;Fantastic Fresh Salad;70624;Sleek;8483;Planner;PCI SAS;Interactions;Pennsylvania dynamic bandwidth;navigate Oklahoma
6;Triple-buffered array;Bedfordshire Tools;46866;Handmade Wooden Cheese Fresh;64921;synthesize Idaho Markets;Glen Refined;Mandatory Assistant;Strategist;Incredible Fresh Car Tuvalu
7;Senior Optional Yemeni Rial;Central African Republic;62939;Dalasi;45454;Credit Card Account Maryland Legacy;Product;Brand Regional Court;B2B Mouse;Junctions one-to-one
8;analyzing holistic;Architect;69816;Falkland Islands (Malvinas);30952;multi-byte Pound Sterling;Frozen;parsing;models New Mexico District;Accountability
9;Aruba Chair portals;online Strategist Shirt;59413;disintermediate Assistant generating;83832;Bypass;Plastic Movies;SMS;Zimbabwe parse Customer;input Accounts
10;enhance Multi-channelled purple;Response;60617;Synergized;67170;Checking Account global Steel;Borders Springs connecting;SAS;Planner Refined;engage Granite Grocery
